author,commit_sha,additions,deletions,file,message,pr_id,review
Hacker Hirthik,3339eac3ab9a22910e141df246829f52a168ffb0,77,0,auth.py,"SAM1-10: Finalize Documentation

Implements feature work.

Fixes #5",,0
Hacker Hirthik,b9ed5a8fbce45eb2d1c3045a878181515c5474d1,76,0,transactions.py,"SAM1-9: Optimize Performance of the Application

Implements feature work.

Fixes #4",,0
Asus Dev,db5fce15db83b7cba167502955828d5a6a4cf86b,116,0,performance.py,"SAM1-8: Develop Transaction History Feature

Implements feature work.

Fixes #3",,0
Hacker Hirthik,cf0d1eeaba1c417c2895a46accb9f894590ec853,98,0,wallet.py,"SAM1-7: Create Wallet Integration

Implements feature work.

Fixes #2",,0
Hacker Hirthik,fa7cde5f830ff579ab684f699993d1ba9768cf92,95,0,transactions.py,"SAM1-6: Set Up Notifications for User Authentication

Implements feature work.

Fixes #1",,0
Priya Sharma,c838e62c349149a1c999c82a0e291ec16b00b5c0,2,0,performance.py,SAM1-6: update performance.py,,0
Anandha Priya,e6f11cbd2d7402e393f85f2b3bdab2592dfce5c3,30,0,performance.py,SAM1-8: update performance.py,,0
DevOps Bot,3879ef138640a5f560c1fe810c14af2e1957045b,3,0,transactions.py,SAM1-10: update transactions.py,,0
Rohan Kumar,0b706ed2d9e9c84ae80ddcaec60bd7c42086a54c,4,0,auth.py,SAM1-6: update auth.py,,0
DevOps Bot,a37adf096d1e0cf48806696b4104a3e01fc83006,3,0,wallet.py,SAM1-6: update wallet.py,,0
Rohan Kumar,a9f8dec2269665f31d3870ebc6a7984bfc8785a6,1,0,transactions.py,SAM1-9: update transactions.py,,0
DevOps Bot,cd2eafca4c2a0562bd201a296d0ccb218b044ef3,1,0,transactions.py,SAM1-8: update transactions.py,,0
DevOps Bot,195038617505a24033889cd8c8941720f442e07b,4,0,auth.py,SAM1-7: update auth.py,,0
Hacker Hirthik,801ebecdc7b0e3ffd4854e43591a4bafb0fc75cc,15,0,wallet.py,SAM1-9: update wallet.py,,0
DevOps Bot,38f5e1ca9b3d297643a57bbb8bf5c377ab779148,2,0,transactions.py,SAM1-7: update transactions.py,,0
DevOps Bot,447ff3aeb5e2c25ad524f8366964d4a7bb65e26d,4,0,auth.py,SAM1-6: update auth.py,,0
Anandha Priya,66e74e47a5387192616fca43eaa2560da2e93f46,47,0,wallet.py,SAM1-6: update wallet.py,,0
Rohan Kumar,574897989fa80d6496ddbbc83ad2728c16e82c33,1,0,auth.py,SAM1-7: update auth.py,,0
Rohan Kumar,60a508371b6fe64ab6a6b5d1bcaf63f58b0045a9,2,0,performance.py,SAM1-10: update performance.py,,0
Hacker Hirthik,0c5fa7711bd15c1481c71fc7c658925ce5934859,16,0,transactions.py,SAM1-10: update transactions.py,,0
Hacker Hirthik,5129e52d3be284783c19ee6256070c31154e1790,11,0,auth.py,SAM1-7: update auth.py,,0
DevOps Bot,ca556a13a9949c564bf21cd0adf3899d99f06a45,1,0,wallet.py,SAM1-10: update wallet.py,,0
Hirthik Balaji,daa9688dc1cce72086c049b1d625f7333844c165,53,0,docs.md,SAM1-9: update docs.md,,0
Asus Dev,c226aaf872a22cf4599b3473ce197301dc08d32d,23,0,transactions.py,SAM1-10: update transactions.py,,0
Asus Dev,0c8638a84900b9141ffcaebdde5f83f3d22fccc6,19,0,transactions.py,SAM1-7: update transactions.py,,0
Priya Sharma,ff300430926eebade58ac610b08354dd6e4d32f2,3,0,performance.py,SAM1-6: update performance.py,,0
Rohan Kumar,aa29c4139ed16613ea6ad7b8b27dcc15cedc7770,5,0,docs.md,SAM1-9: update docs.md,,0
DevOps Bot,80f29e71b6c7873927b6a6840d5c4c692f8d900a,4,0,docs.md,SAM1-10: update docs.md,,0
Hirthik Balaji,03cb6a3fe1bc8eae93b91547b62616da4534f1ed,34,0,performance.py,SAM1-10: update performance.py,,0
Anandha Priya,93a73a06ff9525f99b6b9a4357786a0ef149ebff,61,0,transactions.py,SAM1-6: update transactions.py,,0
Asus Dev,f6311ebfa52fc6c5a22fef11798f9858d7a98a1e,19,0,wallet.py,SAM1-10: update wallet.py,,0
Asus Dev,a330379c1b3defd0ba4c3c67f65303750522a348,15,0,docs.md,SAM1-8: update docs.md,,0
DevOps Bot,a6c212de27feb2da8fa41a3ad921fab88e7fe156,2,0,wallet.py,SAM1-6: update wallet.py,,0
Asus Dev,17099090ff104230745f2f0277135d36d6cb8ef1,21,0,docs.md,SAM1-6: update docs.md,,0
Anandha Priya,f154157d819c91286ccdf27ada40a31fd1f2c2e0,87,0,wallet.py,SAM1-7: update wallet.py,,0
Hirthik Balaji,83db86fd2bbe49837090a3468722adde12bdf1da,39,0,wallet.py,SAM1-6: update wallet.py,,0
Rohan Kumar,2048be9554bd0717f99c565403601364a6b7cad2,1,0,docs.md,SAM1-6: update docs.md,,0
Anandha Priya,8334b1870a7eb785758d9f05a2451aec77aa38f0,77,0,wallet.py,SAM1-6: update wallet.py,,0
Asus Dev,ea19c0fe70e4f4a52e201a6adc25a4d483260455,17,0,transactions.py,SAM1-6: update transactions.py,,0
Asus Dev,13a149fcb76e2481c095491a1a515664a1e60848,11,0,wallet.py,SAM1-7: update wallet.py,,0
Rohan Kumar,b079a3e7758497ad7f586dcc5fffa8c76d4f734b,5,0,auth.py,SAM1-8: update auth.py,,0
Hirthik Balaji,f19bd0e7682cb4f793e19e66afdb7bfb4e512b95,40,0,wallet.py,SAM1-6: update wallet.py,,0
Asus Dev,259638dec8d2040a29bfbf713aa5bac2be25ac20,17,0,performance.py,SAM1-9: update performance.py,,0
Rohan Kumar,6c212573d4357a0fe342c3de9a052c4557d26306,4,0,transactions.py,SAM1-8: update transactions.py,,0
Priya Sharma,abb0a80395595239d82f500b8019d446bd85d652,4,0,performance.py,SAM1-9: update performance.py,,0
Hirthik Balaji,cadcfdf49c4032ae37e2fbd9a238559e1cc55201,68,0,auth.py,SAM1-8: update auth.py,,0
Hirthik Balaji,1e043d0ce879bf7b98f7878101de2154f3864f9b,84,0,docs.md,SAM1-6: update docs.md,,0
Anandha Priya,cb66f2eb0d861af2fc0519b8466d8d70d139a814,115,0,transactions.py,SAM1-9: update transactions.py,,0
DevOps Bot,9a8c577e755108018d1046fef07226c5d8410ac2,5,0,performance.py,SAM1-10: update performance.py,,0
Hacker Hirthik,0132f618bc48d640ae264899b93298db75963995,13,0,performance.py,SAM1-10: update performance.py,,0
Rohan Kumar,81518698a4b8c5bb3183276ba45b327a901cfdb8,2,0,wallet.py,SAM1-9: update wallet.py,,0
Anandha Priya,fd727bbc168e436ba9d63cb4ca59569c0c6cb5ab,104,0,auth.py,SAM1-7: update auth.py,,0
Rohan Kumar,84dbaa167f6ca38b8c72681997b7839d7615877b,3,0,performance.py,SAM1-10: update performance.py,,0
Priya Sharma,5d2a6de003176eda435f5ad97b9f87a3e1d12ade,1,0,docs.md,SAM1-9: update docs.md,,0
Hirthik Balaji,ef04518d2a640727e19cc3d25f61e7c35559bcf3,110,0,performance.py,SAM1-10: update performance.py,,0
Priya Sharma,2bd50780d50e29fca12a8a4ff4cbcdc0137c808a,3,0,wallet.py,SAM1-10: update wallet.py,,0
Hacker Hirthik,42c55ce7eaa34b8a6c6ef4c4e00b29bb7341dd7f,10,0,wallet.py,SAM1-10: update wallet.py,,0
Rohan Kumar,03581db0136ca960ea7f2b42c8d5bde74a762728,5,0,performance.py,SAM1-8: update performance.py,,0
DevOps Bot,5c5995eb9d894f9ccd547f9b52ea538e98931898,3,0,transactions.py,SAM1-9: update transactions.py,,0
Hacker Hirthik,7abafe722f2193c0f9f0927c702ca4b9ae56edf3,24,0,performance.py,SAM1-7: update performance.py,,0
Asus Dev,d29a7481907153adf23a6733827a8313d1a66d94,25,0,auth.py,SAM1-10: update auth.py,,0
Hirthik Balaji,e3f89b352104862713b5a0599666a165dba60eee,103,0,transactions.py,SAM1-6: update transactions.py,,0
Asus Dev,49b1d2131cc785fa09ef9d2335cf277cab6a348a,11,0,transactions.py,SAM1-6: update transactions.py,,0
Priya Sharma,b98ee00fa9f302c9a7799b145d132f6b02495bdb,2,0,docs.md,SAM1-8: update docs.md,,0
Hirthik Balaji,33b52afe51780c00bb23403f0135642da67423e6,73,0,docs.md,SAM1-10: update docs.md,,0
Hacker Hirthik,08d5dd5eaf2999c983ee4b34fe2d6dc79f81a706,20,0,wallet.py,SAM1-8: update wallet.py,,0
Asus Dev,87931954ad4beec5caa25a8a61dc770554900f41,24,0,transactions.py,SAM1-9: update transactions.py,,0
Hacker Hirthik,3eee5299354b7a96228ac0bb9314d1473a8b5bea,30,0,transactions.py,SAM1-10: update transactions.py,,0
Rohan Kumar,2aebc208552f21ad5c0ffc582b28271e48e5dc88,3,0,performance.py,SAM1-6: update performance.py,,0
Hirthik Balaji,37bfdeeef0672bdc974907f1bba3676aed2d88ec,39,0,docs.md,SAM1-6: update docs.md,,0
Anandha Priya,b0f4a9d11c4a6ba312d91ebb4d08acc36481acad,69,0,transactions.py,SAM1-9: update transactions.py,,0
Hirthik Balaji,2ae275877829f055aea49ba87fdc357dca76e798,51,0,docs.md,SAM1-9: update docs.md,,0
Asus Dev,541a297f6b59a67f4aaf8acecf4458340b73166b,20,0,performance.py,SAM1-10: update performance.py,,0
Rohan Kumar,419be93aec3d70c590276c45f6c8be2f57f05ea9,4,0,docs.md,SAM1-7: update docs.md,,0
Anandha Priya,b99f79e830f2a9d94fc8a5385a5731dde4cea0fb,102,0,auth.py,SAM1-9: update auth.py,,0
Asus Dev,9ca8254634abe44780f05dc55c66ad23becf51b1,26,0,auth.py,SAM1-9: update auth.py,,0
Hirthik Balaji,7463240e54adc4884cafb04b9dc6d472dba18cda,59,0,performance.py,SAM1-10: update performance.py,,0
Asus Dev,6c5cd94fca2e969e8b7181fa702b81821300316e,13,0,auth.py,SAM1-8: update auth.py,,0
Asus Dev,6cfd6171c9d3c97859c765e6006b6f5bf66d1d47,10,0,docs.md,SAM1-6: update docs.md,,0
DevOps Bot,296d15844f1ead1a2281f5357eb6f5c15d6bef45,5,0,transactions.py,SAM1-6: update transactions.py,,0
Rohan Kumar,df6fa06454d05a9dbf980e1d4f33cd3ec7d1188a,3,0,docs.md,SAM1-10: update docs.md,,0
Hirthik Balaji,282a4613a2d8c5ffecd2e6bb0e5e8cff55bae1d6,90,0,docs.md,SAM1-10: update docs.md,,0
Anandha Priya,bbb75a6d07a9718a58b68243ee482924576ef1f6,43,0,auth.py,SAM1-6: update auth.py,,0
Asus Dev,b1285bb7e0a3a4cce11b2925cc2646e5ea60d67e,11,0,performance.py,SAM1-6: update performance.py,,0
Asus Dev,d2a195eef47b1e7f1e312679996348f95d22c573,29,0,transactions.py,SAM1-6: update transactions.py,,0
Hirthik Balaji,6f11c298c91bc6ee5deba53b0ff8405f976c31f3,40,0,transactions.py,SAM1-9: update transactions.py,,0
Asus Dev,f23216593c13f3746bd248f943d043bd8c9bd7a5,23,0,transactions.py,SAM1-6: update transactions.py,,0
Rohan Kumar,3842203ecca5f410cd5a634f60e9c205bf403351,1,0,docs.md,SAM1-7: update docs.md,,0
DevOps Bot,6ee88dcfca2ec85ab0d3561df72ecd769b2aaeee,3,0,auth.py,SAM1-6: update auth.py,,0
Hirthik Balaji,2da0f1c1e4102674d0b07a4787c1fa6b2a82dc2e,52,0,auth.py,SAM1-10: update auth.py,,0
Rohan Kumar,e9deafe7f5b09aa89a34653de1e210347ffc49da,5,0,transactions.py,SAM1-6: update transactions.py,,0
Rohan Kumar,262c773830b8758e03fec7a6cf3f1481539af9dd,1,0,auth.py,SAM1-7: update auth.py,,0
Priya Sharma,08f42e664f0c96fc6f77e3466d990ad605ee0f50,2,0,auth.py,SAM1-6: update auth.py,,0
Priya Sharma,33c1a9885363d89609834ba4e7e45a5530878cd4,2,0,docs.md,SAM1-6: update docs.md,,0
Asus Dev,99255f9f405b747b85d0330a1f28ae6201276617,19,0,docs.md,SAM1-8: update docs.md,,0
Hacker Hirthik,c3634d40b30025440047bb672ffbd93f1572a46a,18,0,auth.py,SAM1-8: update auth.py,,0
Anandha Priya,36ce2b73d0a85c7564834648f8a3b3c4aa46fbc9,37,0,performance.py,SAM1-7: update performance.py,,0
Priya Sharma,5138b08ef9d7906d9624012fff72707e1a12bd31,2,0,performance.py,SAM1-9: update performance.py,,0
Anandha Priya,92d9f90c820721d2ead0171e7cfa7c375cf0dadf,54,0,transactions.py,SAM1-6: update transactions.py,,0
Anandha Priya,93c4e328dd5a523d4048017165bc4afcd47b204a,70,0,auth.py,SAM1-8: update auth.py,,0
DevOps Bot,fb9d096008b466da30dedf51d077744d417312a3,4,0,transactions.py,SAM1-7: update transactions.py,,0
DevOps Bot,114ec0a825137615aefc67ff5b0f137244638624,4,0,performance.py,SAM1-10: update performance.py,,0
DevOps Bot,e2379219c0c0ad0a4cd3fd0c6308beb74df98bae,1,0,docs.md,SAM1-6: update docs.md,,0
Hirthik Balaji,264cd0c57e34fe0b3a0790fa719361c7a07e471e,94,0,wallet.py,SAM1-9: update wallet.py,,0
Priya Sharma,00153ad97214eae31b44eae6d632e8d4c7f440ca,3,0,wallet.py,SAM1-8: update wallet.py,,0
Hirthik Balaji,a7effc4980f24bad4e611648f77345cf7ae0470c,77,0,docs.md,SAM1-8: update docs.md,,0
DevOps Bot,77d086b6dbd7294d44f0792b12e19b02268f458b,2,0,performance.py,SAM1-7: update performance.py,,0
Priya Sharma,94fd33dde97a4feaefb6db8241c937736eeb1812,1,0,auth.py,SAM1-9: update auth.py,,0
DevOps Bot,7a6ecb8b5ae9771465d84edb8b2ddc0e4f67b379,5,0,transactions.py,SAM1-7: update transactions.py,,0
Asus Dev,35b94b55aab89b3a5111414d7a34ef5b5ca80df9,25,0,transactions.py,SAM1-9: update transactions.py,,0
Asus Dev,2e038fc4b96604c84e44a7799d0232c975beefb7,30,0,docs.md,SAM1-6: update docs.md,,0
Hacker Hirthik,ef7eae037eb62a6fddf6b89c6f080d3e43b58144,16,0,auth.py,SAM1-8: update auth.py,,0
Hirthik Balaji,ea1d97d4f81c7556a0d001e0194db80813599660,101,0,auth.py,SAM1-7: update auth.py,,0
Anandha Priya,a5b941c5c187eda9485c797aa344df947a727ef0,83,0,docs.md,SAM1-7: update docs.md,,0
Asus Dev,8d81041b4f1d84d8f80c708ff2827270b7e9712a,27,0,auth.py,SAM1-9: update auth.py,,0
Anandha Priya,5db6ca35d8ad1a66603f0c5750a02f1de10ff49a,38,0,auth.py,SAM1-10: update auth.py,,0
Asus Dev,457eae818ae88a96949f868a35119576d5c9bac7,23,0,docs.md,SAM1-9: update docs.md,,0
Hacker Hirthik,fac070b351c1b576491bfe333500311ee445641b,11,0,auth.py,SAM1-9: update auth.py,,0
Priya Sharma,25341f5f714aaf5a3dbc68a377ab0608dfbc0651,4,0,wallet.py,SAM1-8: update wallet.py,,0
Anandha Priya,242fba219e7d3afbb7202f6cdcf8d8c45331936e,47,0,auth.py,SAM1-9: update auth.py,,0
DevOps Bot,e26e75e1442df8667db56fcd2d8ad205a1353bab,3,0,transactions.py,SAM1-8: update transactions.py,,0
Rohan Kumar,6ffef91ab37d6e623385f995b0dad408c7f00e7c,3,0,performance.py,SAM1-8: update performance.py,,0
Priya Sharma,ee03ac6a18e8fa0e3e5ce31c0189458005f046ad,4,0,performance.py,SAM1-10: update performance.py,,0
Anandha Priya,26389c7fe39ec327df17f19be2705f47882b0f41,84,0,performance.py,SAM1-7: update performance.py,,0
Hacker Hirthik,f1453aa7dd512a16467bc5b7a3e82f2eabe8c320,25,0,transactions.py,SAM1-9: update transactions.py,,0
Anandha Priya,fbea82cafe246aac39f9a6b453db2fb0244589a9,66,0,wallet.py,SAM1-10: update wallet.py,,0
Priya Sharma,1c7b495ec7c3e6eee1c1519bba69b872cd8ceb55,4,0,wallet.py,SAM1-9: update wallet.py,,0
Hacker Hirthik,d1281bc4d01cab7133a3f08b416a5b3b6295702a,10,0,docs.md,SAM1-7: update docs.md,,0
Rohan Kumar,138c24529c08bdc057d6d68137fd18b493a9228a,2,0,wallet.py,SAM1-10: update wallet.py,,0
Priya Sharma,36fccd7b73082e6550c0294cd0f1daf2d2142607,3,0,auth.py,SAM1-10: update auth.py,,0
Rohan Kumar,64dcb1a72d50ea05106bec26a6a9d5d66078dd4e,5,0,wallet.py,SAM1-6: update wallet.py,,0
Hirthik Balaji,7018883f0f57576731894359818c42d3266d51f0,54,0,transactions.py,SAM1-10: update transactions.py,,0
Hirthik Balaji,e5752a547384ef717eab241b0616debd2395ea00,63,0,transactions.py,SAM1-10: update transactions.py,,0
Anandha Priya,6d23f59ac701d37f6dd7a1ecad99f1e7aa1fc0ce,104,0,docs.md,SAM1-7: update docs.md,,0
Hirthik Balaji,c4fd7bb9e759363fd398851d54c42e302d7d89a0,65,0,docs.md,SAM1-7: update docs.md,,0
Hirthik Balaji,9a5a9c40cb019ce1d39b21ea5ea926d071e6e15c,40,0,wallet.py,SAM1-10: update wallet.py,,0
DevOps Bot,1b97bb9b9a54faa2a23d9db55a343fff97f00eb4,3,0,transactions.py,SAM1-7: update transactions.py,,0
Anandha Priya,8bb71d3fbdaca5a019e2c91b3c9c20e499cff2c7,120,0,performance.py,SAM1-9: update performance.py,,0
Hacker Hirthik,5508039fefbb2b6fdaf7b506077c248ef2566de4,10,0,performance.py,SAM1-7: update performance.py,,0
Anandha Priya,b90d03e33a2cc75f528054676e4c4b2afd8d0c4f,62,0,auth.py,SAM1-10: update auth.py,,0
Anandha Priya,8d87c7f235ad74c03b9a825334d365d9ad4f7837,42,0,docs.md,SAM1-9: update docs.md,,0
Priya Sharma,12a8a3f6e6b9c728f585590fd14ae96e2f56f614,5,0,wallet.py,SAM1-8: update wallet.py,,0
Priya Sharma,dcfd58922b1b86bb8ee6735a66864d1e81209fb2,1,0,auth.py,SAM1-9: update auth.py,,0
Hacker Hirthik,83d14664fa30c13eafe58b09c6aa2d762f83e778,27,0,docs.md,SAM1-7: update docs.md,,0
DevOps Bot,0b88933d1cf374b872f66856eb385935c2c4a9b0,2,0,wallet.py,SAM1-9: update wallet.py,,0
Hacker Hirthik,8c9b382a1ffa79a6878f2f15fde0bac1716bde14,24,0,docs.md,SAM1-9: update docs.md,,0
Priya Sharma,e1b400b362705deeee6ae23f0845a4bdc026b423,1,0,auth.py,SAM1-8: update auth.py,,0
Rohan Kumar,508349ffcbfc4ce1a244627ce266008d2fc424d5,2,0,auth.py,SAM1-8: update auth.py,,0
Hacker Hirthik,83d1e4e03c2fd16374085aadc4353aed1c53aaac,30,0,performance.py,SAM1-9: update performance.py,,0
DevOps Bot,1d235b62fc49527bcf276ae0e98f60ef7405087e,2,0,docs.md,SAM1-7: update docs.md,,0
renovate[bot],025b194b523d73339c909ebfc89a2c9ce710afe0,1,0,requirements.txt,chore(deps): update dependencies in requirements.txt,,0
renovate[bot],407788c987266fe37c4b5dc06d615002706f7d9f,1,0,requirements.txt,chore(deps): update dependencies in requirements.txt,,0
renovate[bot],95956e3a926570c5415b64e657e9d7b38f5cc246,1,0,requirements.txt,chore(deps): update dependencies in requirements.txt,,0
renovate[bot],98b226eac1821f3af0acb18dd65336259d28659d,1,0,requirements.txt,chore(deps): update dependencies in requirements.txt,,0
renovate[bot],66e010bd3f352852cf1bd7d5702fee39a3ab246f,1,0,requirements.txt,chore(deps): update dependencies in requirements.txt,,0
renovate[bot],ca3dfab833888819c4c90a55a038cb036856c1f0,1,0,requirements.txt,chore(deps): update dependencies in requirements.txt,,0
dependabot[bot],b2f5523c3c65dcbcdf5313296870c0802b5c965c,1,0,requirements.txt,chore(deps): update dependencies in requirements.txt,,0
dependabot[bot],e27c4cfd852dcbb55d8bd3f32fa43dd6b4ed20fc,1,0,requirements.txt,chore(deps): update dependencies in requirements.txt,,0
dependabot[bot],423be6bafe1861f112c70a594058c365c67cf6e1,1,0,requirements.txt,chore(deps): update dependencies in requirements.txt,,0
dependabot[bot],392b3686ea695da524bae964804dd59b3612c807,1,0,requirements.txt,chore(deps): update dependencies in requirements.txt,,0
dependabot[bot],8151aa27a6992d8a1795e665293f54adb86ab386,1,0,requirements.txt,chore(deps): update dependencies in requirements.txt,,0
John Smith,a1731f1b375a3c431af0ac9782a7cefec2b3df36,24,0,database.py,"Merge pull request #12 from feature/issue-120

Resolves issue #120",,0
Hirthik Balaji,4312beb374e9da387d4c71b37f2e2a650812cf5b,2,0,database.py,Improve code quality based on review,,0
Alice Dev,8410ad5541815513c06e0362e3bba706ed077aad,8,0,database.py,chore: update database formatting,,0
Alice Dev,403c75a232accfd326724a8b82935ff8201cd90a,8,0,database.py,fix: resolve issue in database,,0
Alice Dev,0e99cbaa23c3ef1072c2c0ff0b2ad9815af72a7b,6,0,database.py,chore: update database formatting,,0
Hirthik Balaji,6b4f645bd712bd479db49fbd9fed4674860c927d,19,0,utils.py,"Merge pull request #11 from feature/issue-118

Resolves issue #118",,0
Hirthik Balaji,4433a181c4858f3f713511985c0bb9cdc762a479,2,0,utils.py,Address reviewer comments,,0
Alice Dev,c6b4a9e39c38381345646352fa1157c58a5c4659,8,0,utils.py,refactor: improve utils logic,,0
Alice Dev,fd392ddca10904ee2386df64a86fda7a072e65e8,4,0,utils.py,fix: resolve issue in utils,,0
Alice Dev,5832e682c6c5ca1096459b0c374834ce74c62f7f,5,0,utils.py,fix: resolve issue in utils,,0
John Smith,5ef395651557a944b4cfea01666a9b0cb34fcbe5,25,0,core.py,"Merge pull request #10 from feature/issue-117

Resolves issue #117",,0
Hirthik Balaji,83a6fd4a7aee1a0db6b399757b84147b413fd9dc,2,0,core.py,Fix issues pointed out in review,,0
Alice Dev,af6c47bd54ed7d0315684ac3d52b7eb09c63f909,6,0,core.py,chore: update core formatting,,0
Alice Dev,6ae2b40709667ee7c19b969a398c0b5a5edbc874,6,0,core.py,feat: implement component core,,0
Alice Dev,ce8af38079b1daec0e6abd8d00b74a2c8e41957f,7,0,core.py,chore: update core formatting,,0
Alice Dev,51b4b9f31f1d3e8890874c384ec62643283c328d,4,0,core.py,refactor: improve core logic,,0
Alice Dev,39b9f7f9095f18dabe8f3117ad7bea3726ced3ae,26,0,models.py,"Merge pull request #9 from feature/issue-116

Resolves issue #116",,0
Hirthik Balaji,1f99e7234691e0c79005aecea7e0cb42f370772e,2,0,models.py,Fix issues pointed out in review,,0
John Smith,a28d8dfcb785969d7bd7b5eaab5e2f2163343fc9,6,0,models.py,refactor: improve models logic,,0
John Smith,852fcb61e61506dc46e4fb506acf596b91ed6b0f,8,0,models.py,fix: resolve issue in models,,0
John Smith,6dbb759cd10b106065ddfc437a9f9e8208a7da04,5,0,models.py,chore: update models formatting,,0
John Smith,089f2a3074df4e729a2b8113fbf3accf08087a75,5,0,models.py,fix: resolve issue in models,,0
Hirthik Balaji,e15e5f45b82ca0869c42352f71b03532df351ebe,25,0,api.py,"Merge pull request #8 from feature/issue-114

Resolves issue #114",,0
Hirthik Balaji,a1d46394273f728fa6610124133c0f4a042c7f49,2,0,api.py,Address reviewer comments,,0
John Smith,6c9ffe295c65fdb7d733766b34013632e3173610,5,0,api.py,refactor: improve api logic,,0
John Smith,c8e9a7713c5a0c1b59cc1ede62ae300f34a5289e,5,0,api.py,feat: implement component api,,0
John Smith,b836b67945b83cd3faeba4e2aac04ad0d5e5a0eb,7,0,api.py,refactor: improve api logic,,0
John Smith,a9a9f2d309c799c84e6f425e5797024b95dc2fbb,6,0,api.py,fix: resolve issue in api,,0
Hirthik Balaji,0a91078a8ee8571da3bd4ce5590ce30622a545be,19,0,database.py,"Merge pull request #7 from feature/issue-113

Resolves issue #113",,0
Hirthik Balaji,571958fe3c537c99b698392b573bd657b74fff69,2,0,database.py,Address reviewer comments,,0
John Smith,a65ad79504bc19c320be7863f9466ee7f65531d3,8,0,database.py,chore: update database formatting,,0
John Smith,4977a48dffe8304aee0c6b1329058559cedefe5b,4,0,database.py,fix: resolve issue in database,,0
John Smith,79087ef451cbb316e7125da6dc91a73615e4b077,5,0,database.py,chore: update database formatting,,0
Alice Dev,4150908a574fe544bb1a548f1091ae4a2c0df6a5,23,0,core.py,"Merge pull request #6 from feature/issue-111

Resolves issue #111",,0
Alice Dev,a5faddbf4c2545c22a166745167e2477a719d30e,2,0,core.py,Address reviewer comments,,0
Anandha Priya,6864565fc2352320bd198234d14e5f382d48c023,7,0,core.py,feat: implement component core,,0
Anandha Priya,e313ed06aa8de7ea416d7e6940f8125b76545398,4,0,core.py,refactor: improve core logic,,0
Anandha Priya,445caf46cd1cb491687657128de5d536145d74b9,6,0,core.py,chore: update core formatting,,0
Anandha Priya,1e1131544153b065a7179c9093d6f3619fa645cc,4,0,core.py,refactor: improve core logic,,0
John Smith,8f8a78a11c123d9edcb883c494616d77517b1da2,10,0,core.py,"Merge pull request #5 from feature/issue-110

Resolves issue #110",,0
John Smith,ce6aab21421df043c8134dd7d4889dded6ede83c,2,0,core.py,Update implementation details,,0
Anandha Priya,660790b9ac4965e4d4ac543d5ab12ed506a04c90,4,0,core.py,feat: implement component core,,0
Anandha Priya,78e8780a90e2e0dabd1964d3e70c1d1e08f2ff97,4,0,core.py,fix: resolve issue in core,,0
Hirthik Balaji,a0f2570721a5c01fe707e3e820ac41228e3b32e3,16,0,api.py,"Merge pull request #4 from feature/issue-108

Resolves issue #108",,0
John Smith,77cba6486fe67e71755038521fe0a2141fa165a1,2,0,api.py,Fix issues pointed out in review,,0
Anandha Priya,217efedda6a848b9bcf1ac7060c9df0e76fa9833,7,0,api.py,fix: resolve issue in api,,0
Anandha Priya,a06e4bb1a6f92ece79faf082a6e79d6240cf7ff2,7,0,api.py,chore: update api formatting,,0
Anandha Priya,b8ae68a03cb093e64ef4e1b62f08c052622fd84b,21,0,auth.py,"Merge pull request #3 from feature/issue-105

Resolves issue #105",,0
John Smith,785712a2d4f313a7957b4b832d06ed8b089a5aca,2,0,auth.py,Address reviewer comments,,0
Hirthik Balaji,425e732a5ff6b3f0af919ae8511dc6753ae08959,6,0,auth.py,chore: update auth formatting,,0
Hirthik Balaji,cb7dfbce480e2d31b3d7e30d1b43ce672da6ed6b,5,0,auth.py,fix: resolve issue in auth,,0
Hirthik Balaji,dd8839aa34ac3746e087e817150c7a9268be1ae0,8,0,auth.py,feat: implement component auth,,0
Anandha Priya,513b402a73b82e97c84e8de46da7cd26f59fb40e,14,0,auth.py,"Merge pull request #2 from feature/issue-103

Resolves issue #103",,0
John Smith,ce9fbb5d4c57b47cb6b917d203bec6037bb1a313,2,0,auth.py,Address reviewer comments,,0
Hirthik Balaji,49bc1483cab52013b5785aa606b8fb0a1a9b14d0,5,0,auth.py,feat: implement component auth,,0
Hirthik Balaji,51d0f8838d88d652f6a1c2028ad7d07d46cd602f,7,0,auth.py,feat: implement component auth,,0
John Smith,faeb61db362309b14facfda83d710dcaf6f42235,22,0,auth.py,"Merge pull request #1 from feature/issue-100

Resolves issue #100",,0
bot2,294018cd6211278853f37fed031a87764b2c6ad3,1,0,spam.txt,update,,0
bot2,a39e3d6ea32a08602021ee888141e99557366b0e,1,0,spam.txt,update,,0
bot2,bd265cdcf4803795a0f2d277401809c8f6641c38,1,0,spam.txt,update,,0
bot2,5e27c50fb1e55a3fd47334d5704f140bd0697b43,1,0,spam.txt,update,,0
bot2,4e87d8e358e1e3b6f0cd7cddba424bb1efafbe68,1,0,spam.txt,update,,0
bot2,d47fef03de103190519eb398db7c69e3575a73b0,1,0,spam.txt,update,,0
bot2,b97f4f1699a3dff6a076e79746212e3ab4436b9a,1,0,spam.txt,update,,0
bot2,1c4b23b05e83e5a50c085fe410ed5a3b2813bc7c,1,0,spam.txt,update,,0
bot2,59160a9300a9f22abc7db41a5f94cb3ddfa93e12,1,0,spam.txt,update,,0
bot2,4f97ec973c397842cf02b99ba4adb8d49687ae01,1,0,spam.txt,update,,0
bot2,9b9e07642dc8f5259855f3827971278902b59538,1,0,spam.txt,update,,0
bot2,34d4941ebcbbda7d71c99fd28f8613e282833f1b,1,0,spam.txt,update,,0
bot2,8be6993dc5eab9c59e9bd17b772f02a5ec49a18d,1,0,spam.txt,update,,0
bot2,88b84a3fcdfb77dcb7e30df96ccb5e03d29dbe40,1,0,spam.txt,update,,0
bot2,bfab4c6695349dd7ab63977fda1bcedfcfc82daf,1,0,spam.txt,update,,0
bot2,41ee68f478a77af075e19e22629c4bf64e990afb,1,0,spam.txt,update,,0
bot2,1a1df4ef11df1a44de29f150cf0278b91b02ae66,1,0,spam.txt,update,,0
bot2,285e2cf39b8b4af9f65ef34b53f86e5f8cf5a5b5,1,0,spam.txt,update,,0
bot2,b686f861bcf9d70f4599697e95ea1e4998b75483,1,0,spam.txt,update,,0
bot2,05a586f6b79670f016d1874eea6af775225c4b37,1,0,spam.txt,update,,0
bot2,981f7e9eeb9c945ed7102b2e22aead9a6b7f1aef,1,0,spam.txt,update,,0
bot2,cf12434a6413ea9222e73fb0a70d21ed0243040a,1,0,spam.txt,update,,0
bot2,f2605f9b07e7384c2d220c40460975d27bc698ee,1,0,spam.txt,update,,0
bot2,cb61a1d6b3bd2b7a4879e7ede886aa0c7088c92d,1,0,spam.txt,update,,0
bot2,87e3765405ec73d8f4c8bf01a0c7929e9ed33c62,1,0,spam.txt,update,,0
bot2,c40d05a8b470f0c8b786110de10ce4045ca61e80,1,0,spam.txt,update,,0
bot2,83e3521a873a6ad4dfffd8761e9c08965388f358,1,0,spam.txt,update,,0
bot2,c844f9427f8129305083c03f577dd8dc1c9d9cba,1,0,spam.txt,update,,0
bot2,94f80336ada7b57fba6a2a516d77284961868d23,1,0,spam.txt,update,,0
bot2,c99ce491374b58f21f095b6b9e34256226ef0a73,1,0,spam.txt,update,,0
bot1,2ee161d13c9519b2345fbc8b5f14d2be59ebd975,1,0,spam.txt,update,,0
bot1,6183ba3b25e223fc1785698bea1039cf885b3dbe,1,0,spam.txt,update,,0
bot1,cbab00078b653fcce343253d11eff4f1b5bfea34,1,0,spam.txt,update,,0
bot1,d04cc5a9429d404d86764061a16cfdee81b6a2e9,1,0,spam.txt,update,,0
bot1,894b05d40f86bcf5d604a53c366a4664f99034f8,1,0,spam.txt,update,,0
bot1,130b707cf0a91941c2f75fd1479406ddbbbdb22a,1,0,spam.txt,update,,0
bot1,c8ebb7e744ef1d40db1b6f257c0ac08c246f84ba,1,0,spam.txt,update,,0
bot1,a3f7e851fd943d83e8f33371cd501d3b42418cce,1,0,spam.txt,update,,0
bot1,287b25c0edd0e5b4998446df034dafcad5d445d1,1,0,spam.txt,update,,0
bot1,12057efc2038de88967a7c3aea467e83d49a6202,1,0,spam.txt,update,,0
bot1,6e73c60ed9406b34e23f2b137e4f98218aa66444,1,0,spam.txt,update,,0
bot1,6733a6e39226121a0c43a0ad3ba426753c187889,1,0,spam.txt,update,,0
bot1,6a5c239488af40864fe4751368a4c13c76215731,1,0,spam.txt,update,,0
bot1,a7ea408579f20aa4bddb9936117becf4b828ce27,1,0,spam.txt,update,,0
bot1,5e4539bf0b9e3389c246ca109b129341a14ea337,1,0,spam.txt,update,,0
bot1,4eadb03196f5d0e05173bf913918bd834eb5e9c2,1,0,spam.txt,update,,0
bot1,9f6edc9d1435208a43195a4dc0f500b2d73fd09a,1,0,spam.txt,update,,0
bot1,53a6c71435605713bf0ad005228a13345d44d0a7,1,0,spam.txt,update,,0
bot1,8def646b33d7de84b9fdb376e86f283abaa54512,1,0,spam.txt,update,,0
bot1,a19bc5b1e4053ccd1e601069778d679cc016ac9b,1,0,spam.txt,update,,0
bot1,654650e6d45e6e8b7857bfabc29d554c976dbeea,1,0,spam.txt,update,,0
bot1,b99001b3273e514db70d0a9f1373ca9b0ee49a74,1,0,spam.txt,update,,0
bot1,c932a65f49cb1772aff1b2ec1c92f6359a04d91c,1,0,spam.txt,update,,0
bot1,129d095226c2f01ef6937444baa661f84877fdaa,1,0,spam.txt,update,,0
bot1,fb479d6dfe8eab409a82c9d7945d339c29b1e307,1,0,spam.txt,update,,0
bot1,6c5ea33eb823d9224b0d87ac8d15ef0c7385df03,1,0,spam.txt,update,,0
bot1,ed18f599134e48737dad0ef45496671ef69402b8,1,0,spam.txt,update,,0
bot1,2469d99f7d9f15b23c6ca87d0f911f14f0b34d25,1,0,spam.txt,update,,0
bot1,9d461087e02f8b2b43d121c3be26369a268a662e,1,0,spam.txt,update,,0
bot1,9560a6b1ece68c9d89d0764923ea7210469e9e6a,61,0,spam.txt,update,,0
Anandha Priya,a9d232577f2c4f4d344de0ef550b2efa1cd62ea4,2,0,module_111.py,REVIEW-12 code improvement,,0
Asus Dev,5c20c5c10536f1adc1df813fe5c7daebeee1aa19,5,0,module_111.py,FEATURE-111 implement feature,,0
Asus Dev,5cd923e64d781c7b9d64c624dc049044cc7f4fd3,12,0,module_111.py,FEATURE-111 implement feature,,0
Hacker Hirthik,69d9e3a55118f207a763c9519cef531a6f31b734,2,0,module_110.py,REVIEW-11 code improvement,,0
Asus Dev,0c5e2a59f9ea37f9bf42bd831f15c55f717de653,4,0,module_110.py,FEATURE-110 implement feature,,0
Asus Dev,3d7e8a290cede8d88e8c3fbe28a8b36f07e899b6,4,0,module_110.py,FEATURE-110 implement feature,,0
Asus Dev,495b090046c3cdfdf739f6c73f752b6404bff658,15,0,module_110.py,FEATURE-110 implement feature,,0
Hacker Hirthik,37e0d4b791f3eeecfecc36912b58352269425965,2,0,module_109.py,REVIEW-10 code improvement,,0
Asus Dev,30bcd26274e961a903c8dbb96f1d9b8b2f9b881d,3,0,module_109.py,FEATURE-109 implement feature,,0
Asus Dev,c20e6f4c7a3746f26f4e1ecdb86d291ef6a6fb55,19,0,module_109.py,FEATURE-109 implement feature,,0
Anandha Priya,cf828366a302fac458dcdad85bcdf33dfff2b223,2,0,module_108.py,REVIEW-9 code improvement,,0
Hacker Hirthik,a413abf963f0beb1dffa516762554ebabb7d6d53,3,0,module_108.py,FEATURE-108 implement feature,,0
Hacker Hirthik,9321b157b7c4689e8d2149a9ea4c21c84622914f,17,0,module_108.py,FEATURE-108 implement feature,,0
Anandha Priya,0a1f033dbd87e63f9820368591041ee361777d76,2,0,module_107.py,REVIEW-8 code improvement,,0
Hacker Hirthik,20502ddacdf3ef47b376c59a451eb9bc9cbe9c9e,3,0,module_107.py,FEATURE-107 implement feature,,0
Hacker Hirthik,ebdbf540e1ce6cf9b5c4bdb3035419298f977e10,5,0,module_107.py,FEATURE-107 implement feature,,0
Hacker Hirthik,0c362960fded29b1376b3cf5f3e59dc1049e3ce5,4,0,module_107.py,FEATURE-107 implement feature,,0
Hacker Hirthik,f831b3c491093fe8acaa0de34b63bc387daa762d,14,0,module_107.py,FEATURE-107 implement feature,,0
Hirthik Balaji,2daa4089cbdf2fd9556b62781e363fabbe2fbb26,2,0,module_106.py,REVIEW-7 code improvement,,0
Hacker Hirthik,a12860587ff3a3975f35d7233c2c0e971780694e,4,0,module_106.py,FEATURE-106 implement feature,,0
Hacker Hirthik,e3d528e8dbdbc274e888ce9f465a02045228d22c,4,0,module_106.py,FEATURE-106 implement feature,,0
Hacker Hirthik,333e149600c0b3f08808ec97c04d790132a5e235,5,0,module_106.py,FEATURE-106 implement feature,,0
Hacker Hirthik,3e5a9257f5fb9a445ea3e0af39beac2542ffaac7,18,0,module_106.py,FEATURE-106 implement feature,,0
Hacker Hirthik,71ffa93b0160d4d40dd3ffa0c748ab07848732e5,2,0,module_105.py,REVIEW-6 code improvement,,0
Anandha Priya,da2a863a8656fa3e831c1e8b2fd02da8de4b4b45,4,0,module_105.py,FEATURE-105 implement feature,,0
Anandha Priya,8a8b883c9440e418c01ec9d957b63e7e98357ef9,15,0,module_105.py,FEATURE-105 implement feature,,0
Hirthik Balaji,618c431a8f846ec44ed4f77a6763472849c6266e,2,0,module_104.py,REVIEW-5 code improvement,,0
Anandha Priya,373c8077bdbc42f06fb7579b170c60f70d5bd4f8,4,0,module_104.py,FEATURE-104 implement feature,,0
Anandha Priya,24d42fb8353a9da3d0f5f6cded193ef7b0227004,17,0,module_104.py,FEATURE-104 implement feature,,0
Asus Dev,36594fccaaa1f0b75b62a27774a11009ec2580af,2,0,module_103.py,REVIEW-4 code improvement,,0
Anandha Priya,b3be389d980fdcf619e02adcca82e0bab4bf1cd4,4,0,module_103.py,FEATURE-103 implement feature,,0
Anandha Priya,4a8408c86fbc001d20955c459525b110b7fe3111,22,0,module_103.py,FEATURE-103 implement feature,,0
Asus Dev,b433800302da315cfb18ca9949dd81457cce5c99,2,0,module_102.py,REVIEW-3 code improvement,,0
Hirthik Balaji,2bfbae712c672be2f8c905ee0cc1825e42331a76,5,0,module_102.py,FEATURE-102 implement feature,,0
Hirthik Balaji,eabd9c1082358734fc2c2f591cdc04cd13a4f403,4,0,module_102.py,FEATURE-102 implement feature,,0
Hirthik Balaji,8432b140d78eb70f474ea396123aea9e582b8d7d,3,0,module_102.py,FEATURE-102 implement feature,,0
Hirthik Balaji,d7acf980ef5a866184f814b8c441aec7339c6f6b,14,0,module_102.py,FEATURE-102 implement feature,,0
Anandha Priya,f5e712b36535520964421f98017f1ebd18716480,2,0,module_101.py,REVIEW-2 code improvement,,0
Hirthik Balaji,e3ab51b9dee19b86aec7dd8bf9a24c91dbbf9dc4,4,0,module_101.py,FEATURE-101 implement feature,,0
Hirthik Balaji,dd002774804eb27da495a67c070ddc89c1c62494,14,0,module_101.py,FEATURE-101 implement feature,,0
Anandha Priya,91f6f1da8b0c8be2f850d763c4ff4c1fd02c2f91,2,0,module_100.py,REVIEW-1 code improvement,,0
Hirthik Balaji,64169e723eb14eea614d01fa93a74adb56c921be,4,0,module_100.py,FEATURE-100 implement feature,,0
Hirthik Balaji,06b6781816ec2fd325b4453ce0712bf9965b8630,13,0,module_100.py,FEATURE-100 implement feature,,0
Anandhappriya,6a61d90205f36d00f94ed8e2f3853d521d4b20f8,1,0,README.md,Initial commit,,0
Anandha Priya,6ed9f3081e6d05aa719c0ff94f8a6e8b06df2b3e,2,0,auth.py,Address reviewer comments,,0
Hirthik Balaji,4e2442fe838657873adcb6e2c444985590c0be46,7,0,auth.py,refactor: improve auth logic,,0
Hirthik Balaji,08fb99d8e327dbf0aeb0dd27af5a8936b9f39841,5,0,auth.py,fix: resolve issue in auth,,0
Hirthik Balaji,b4c39dc0f234db67695945119235fdba9d65f20b,8,0,auth.py,refactor: improve auth logic,,0
