issue_key,comment_id,author,comment,created
DEV-81,10042,LapTop,System running.,2026-03-11T07:17:13.409+0000
DEV-81,10043,Anandhappriya,Added structured logging so we can trace failures in production.,2026-03-11T07:17:19.627+0000
DEV-81,10044,Hirthik Balaji C,Reviewed the API contract and updated serialization logic.,2026-03-11T07:17:22.360+0000
DEV-81,10179,Hirthik Balaji C,Root cause identified in the request validation layer. I'll push a fix shortly.,2026-03-11T07:33:41.977+0000
DEV-81,10180,HAcker,Automated process completed.,2026-03-11T07:34:52.566+0000
DEV-80,10045,HAcker,System running.,2026-03-11T07:17:27.142+0000
DEV-80,10046,Hirthik Balaji C,Implemented caching to reduce redundant database queries.,2026-03-11T07:17:30.784+0000
DEV-80,10047,Anandhappriya,Root cause identified in the request validation layer. I'll push a fix shortly.,2026-03-11T07:17:33.432+0000
DEV-80,10048,Anandhappriya,Memory spike was caused by improper object reuse. Fixed in new commit.,2026-03-11T07:17:38.071+0000
DEV-79,10049,Anandhappriya,Implemented caching to reduce redundant database queries.,2026-03-11T07:17:42.703+0000
DEV-79,10050,Hirthik Balaji C,Refactored the service handler to reduce latency by ~18%. Please verify.,2026-03-11T07:17:48.314+0000
DEV-79,10051,Hirthik Balaji C,Reviewed the API contract and updated serialization logic.,2026-03-11T07:17:52.994+0000
DEV-79,10052,Hirthik Balaji C,Root cause identified in the request validation layer. I'll push a fix shortly.,2026-03-11T07:17:57.703+0000
DEV-78,10053,Hirthik Balaji C,The issue appears only when concurrent requests exceed the rate limit.,2026-03-11T07:18:02.502+0000
DEV-78,10054,Anandhappriya,Reviewed the API contract and updated serialization logic.,2026-03-11T07:18:06.143+0000
DEV-78,10055,Hirthik Balaji C,Added structured logging so we can trace failures in production.,2026-03-11T07:18:11.923+0000
DEV-77,10056,HAcker,Automated process completed.,2026-03-11T07:18:16.873+0000
DEV-77,10057,Hirthik Balaji C,I traced the bug to an incorrect null check in the controller logic.,2026-03-11T07:18:20.637+0000
DEV-77,10058,Hirthik Balaji C,Added structured logging so we can trace failures in production.,2026-03-11T07:18:26.290+0000
DEV-77,10059,Anandhappriya,Refactored the service handler to reduce latency by ~18%. Please verify.,2026-03-11T07:18:30.969+0000
DEV-77,10060,Anandhappriya,Edge case handled now. Needs one more test before closing.,2026-03-11T07:18:35.672+0000
DEV-76,10061,Anandhappriya,Reviewed the API contract and updated serialization logic.,2026-03-11T07:18:39.374+0000
DEV-76,10062,Anandhappriya,Root cause identified in the request validation layer. I'll push a fix shortly.,2026-03-11T07:18:44.137+0000
DEV-76,10063,LapTop,Update received.,2026-03-11T07:18:46.735+0000
DEV-75,10064,LapTop,Automated process completed.,2026-03-11T07:18:51.414+0000
DEV-75,10065,Anandhappriya,The issue appears only when concurrent requests exceed the rate limit.,2026-03-11T07:18:56.112+0000
DEV-75,10066,Anandhappriya,Reviewed the API contract and updated serialization logic.,2026-03-11T07:18:59.023+0000
DEV-75,10067,HAcker,Working on it.,2026-03-11T07:19:03.708+0000
DEV-74,10068,Hirthik Balaji C,Implemented caching to reduce redundant database queries.,2026-03-11T07:19:06.401+0000
DEV-74,10069,Hirthik Balaji C,Memory spike was caused by improper object reuse. Fixed in new commit.,2026-03-11T07:19:11.107+0000
DEV-74,10070,Anandhappriya,Added structured logging so we can trace failures in production.,2026-03-11T07:19:13.841+0000
DEV-74,10071,Anandhappriya,Edge case handled now. Needs one more test before closing.,2026-03-11T07:19:17.625+0000
DEV-74,10072,Anandhappriya,Added structured logging so we can trace failures in production.,2026-03-11T07:19:22.367+0000
DEV-74,10073,LapTop,Pipeline executed.,2026-03-11T07:19:28.179+0000
DEV-73,10074,Anandhappriya,Added structured logging so we can trace failures in production.,2026-03-11T07:19:33.915+0000
DEV-73,10075,Hirthik Balaji C,Added structured logging so we can trace failures in production.,2026-03-11T07:19:37.606+0000
DEV-73,10076,Hirthik Balaji C,Implemented caching to reduce redundant database queries.,2026-03-11T07:19:41.211+0000
DEV-73,10077,Anandhappriya,I traced the bug to an incorrect null check in the controller logic.,2026-03-11T07:19:46.778+0000
DEV-73,10078,LapTop,Noted.,2026-03-11T07:19:50.415+0000
DEV-73,10079,LapTop,Monitoring status.,2026-03-11T07:19:56.096+0000
DEV-72,10080,Hirthik Balaji C,Implemented caching to reduce redundant database queries.,2026-03-11T07:20:01.842+0000
DEV-72,10081,HAcker,Pipeline executed.,2026-03-11T07:20:04.467+0000
DEV-72,10082,HAcker,Pipeline executed.,2026-03-11T07:20:07.182+0000
DEV-72,10083,LapTop,Checking this.,2026-03-11T07:20:12.890+0000
DEV-72,10084,Anandhappriya,I traced the bug to an incorrect null check in the controller logic.,2026-03-11T07:20:16.608+0000
DEV-72,10085,Hirthik Balaji C,Refactored the service handler to reduce latency by ~18%. Please verify.,2026-03-11T07:20:22.338+0000
DEV-71,10086,Anandhappriya,Refactored the service handler to reduce latency by ~18%. Please verify.,2026-03-11T07:20:28.030+0000
DEV-71,10087,Anandhappriya,Refactored the service handler to reduce latency by ~18%. Please verify.,2026-03-11T07:20:30.681+0000
DEV-71,10088,LapTop,Looks fine to me.,2026-03-11T07:20:36.311+0000
DEV-70,10089,Hirthik Balaji C,The issue appears only when concurrent requests exceed the rate limit.,2026-03-11T07:20:39.994+0000
DEV-70,10090,Hirthik Balaji C,The issue appears only when concurrent requests exceed the rate limit.,2026-03-11T07:20:44.675+0000
DEV-70,10091,Hirthik Balaji C,I traced the bug to an incorrect null check in the controller logic.,2026-03-11T07:20:47.363+0000
DEV-70,10092,HAcker,Update received.,2026-03-11T07:20:49.915+0000
DEV-70,10093,Anandhappriya,Root cause identified in the request validation layer. I'll push a fix shortly.,2026-03-11T07:20:53.617+0000
DEV-69,10094,LapTop,Monitoring status.,2026-03-11T07:20:57.531+0000
DEV-69,10095,LapTop,Looks fine to me.,2026-03-11T07:21:01.365+0000
DEV-69,10096,Hirthik Balaji C,The issue appears only when concurrent requests exceed the rate limit.,2026-03-11T07:21:05.121+0000
DEV-69,10097,Anandhappriya,Added structured logging so we can trace failures in production.,2026-03-11T07:21:09.907+0000
DEV-69,10098,Hirthik Balaji C,Latest commit improves error handling and prevents the crash scenario.,2026-03-11T07:21:15.679+0000
DEV-69,10099,LapTop,Automated process completed.,2026-03-11T07:21:18.343+0000
DEV-68,10100,LapTop,Working on it.,2026-03-11T07:21:23.972+0000
DEV-68,10101,Anandhappriya,Memory spike was caused by improper object reuse. Fixed in new commit.,2026-03-11T07:21:29.735+0000
DEV-68,10102,Anandhappriya,Added structured logging so we can trace failures in production.,2026-03-11T07:21:33.483+0000
DEV-68,10103,Hirthik Balaji C,Memory spike was caused by improper object reuse. Fixed in new commit.,2026-03-11T07:21:36.113+0000
DEV-67,10104,Anandhappriya,Added structured logging so we can trace failures in production.,2026-03-11T07:21:40.848+0000
DEV-67,10105,HAcker,Noted.,2026-03-11T07:21:46.614+0000
DEV-67,10106,Hirthik Balaji C,Refactored the service handler to reduce latency by ~18%. Please verify.,2026-03-11T07:21:49.466+0000
DEV-67,10107,Hirthik Balaji C,Added structured logging so we can trace failures in production.,2026-03-11T07:21:53.267+0000
DEV-66,10108,Anandhappriya,Edge case handled now. Needs one more test before closing.,2026-03-11T07:21:57.993+0000
DEV-66,10109,Hirthik Balaji C,Edge case handled now. Needs one more test before closing.,2026-03-11T07:22:02.736+0000
DEV-66,10110,LapTop,Looks fine to me.,2026-03-11T07:22:05.427+0000
DEV-66,10111,LapTop,Checking this.,2026-03-11T07:22:08.199+0000
DEV-66,10112,Anandhappriya,Refactored the service handler to reduce latency by ~18%. Please verify.,2026-03-11T07:22:13.863+0000
DEV-66,10113,Hirthik Balaji C,Reviewed the API contract and updated serialization logic.,2026-03-11T07:22:16.493+0000
DEV-65,10114,Anandhappriya,I traced the bug to an incorrect null check in the controller logic.,2026-03-11T07:22:22.174+0000
DEV-65,10115,Hirthik Balaji C,The issue appears only when concurrent requests exceed the rate limit.,2026-03-11T07:22:24.853+0000
DEV-65,10116,LapTop,Noted.,2026-03-11T07:22:27.508+0000
DEV-65,10117,LapTop,Noted.,2026-03-11T07:22:33.288+0000
DEV-65,10118,Anandhappriya,Root cause identified in the request validation layer. I'll push a fix shortly.,2026-03-11T07:22:36.065+0000
DEV-64,10119,Anandhappriya,I traced the bug to an incorrect null check in the controller logic.,2026-03-11T07:22:40.799+0000
DEV-64,10120,HAcker,Update received.,2026-03-11T07:22:43.517+0000
DEV-64,10121,LapTop,Looks fine to me.,2026-03-11T07:22:48.258+0000
DEV-64,10122,Hirthik Balaji C,Reviewed the API contract and updated serialization logic.,2026-03-11T07:22:50.925+0000
DEV-64,10123,Hirthik Balaji C,Added structured logging so we can trace failures in production.,2026-03-11T07:22:53.456+0000
DEV-63,10124,Anandhappriya,Added structured logging so we can trace failures in production.,2026-03-11T07:22:56.094+0000
DEV-63,10125,Hirthik Balaji C,Root cause identified in the request validation layer. I'll push a fix shortly.,2026-03-11T07:22:58.895+0000
DEV-63,10126,Anandhappriya,Memory spike was caused by improper object reuse. Fixed in new commit.,2026-03-11T07:23:01.499+0000
DEV-62,10127,Anandhappriya,Implemented caching to reduce redundant database queries.,2026-03-11T07:23:05.053+0000
DEV-62,10128,LapTop,Monitoring status.,2026-03-11T07:23:10.752+0000
DEV-62,10129,HAcker,Automated process completed.,2026-03-11T07:23:16.440+0000
DEV-61,10130,Hirthik Balaji C,Memory spike was caused by improper object reuse. Fixed in new commit.,2026-03-11T07:23:20.135+0000
DEV-61,10131,Hirthik Balaji C,I traced the bug to an incorrect null check in the controller logic.,2026-03-11T07:23:25.749+0000
DEV-61,10132,LapTop,Monitoring status.,2026-03-11T07:23:31.429+0000
DEV-60,10133,Anandhappriya,Memory spike was caused by improper object reuse. Fixed in new commit.,2026-03-11T07:23:36.061+0000
DEV-60,10134,Anandhappriya,Latest commit improves error handling and prevents the crash scenario.,2026-03-11T07:23:39.756+0000
DEV-60,10135,Hirthik Balaji C,I traced the bug to an incorrect null check in the controller logic.,2026-03-11T07:23:43.579+0000
DEV-59,10136,Hirthik Balaji C,Edge case handled now. Needs one more test before closing.,2026-03-11T07:23:48.220+0000
DEV-59,10137,HAcker,Looks fine to me.,2026-03-11T07:23:51.767+0000
DEV-59,10138,HAcker,Pipeline executed.,2026-03-11T07:23:56.517+0000
DEV-59,10139,Hirthik Balaji C,Added structured logging so we can trace failures in production.,2026-03-11T07:24:00.182+0000
DEV-58,10140,Anandhappriya,Implemented caching to reduce redundant database queries.,2026-03-11T07:24:04.759+0000
DEV-58,10141,Anandhappriya,Memory spike was caused by improper object reuse. Fixed in new commit.,2026-03-11T07:24:10.461+0000
DEV-58,10142,Anandhappriya,Reviewed the API contract and updated serialization logic.,2026-03-11T07:24:14.138+0000
DEV-58,10143,Anandhappriya,Root cause identified in the request validation layer. I'll push a fix shortly.,2026-03-11T07:24:18.786+0000
DEV-57,10144,LapTop,Pipeline executed.,2026-03-11T07:24:21.326+0000
DEV-57,10145,HAcker,Noted.,2026-03-11T07:24:26.961+0000
DEV-57,10146,HAcker,Update received.,2026-03-11T07:24:32.715+0000
DEV-57,10147,Anandhappriya,Refactored the service handler to reduce latency by ~18%. Please verify.,2026-03-11T07:24:35.381+0000
DEV-57,10148,Anandhappriya,The issue appears only when concurrent requests exceed the rate limit.,2026-03-11T07:24:41.123+0000
DEV-56,10149,Anandhappriya,Refactored the service handler to reduce latency by ~18%. Please verify.,2026-03-11T07:24:44.820+0000
DEV-56,10150,Anandhappriya,I traced the bug to an incorrect null check in the controller logic.,2026-03-11T07:24:49.544+0000
DEV-56,10151,Hirthik Balaji C,Edge case handled now. Needs one more test before closing.,2026-03-11T07:24:54.190+0000
DEV-56,10152,Anandhappriya,Added structured logging so we can trace failures in production.,2026-03-11T07:25:00.000+0000
DEV-56,10153,Anandhappriya,Latest commit improves error handling and prevents the crash scenario.,2026-03-11T07:25:05.783+0000
DEV-55,10154,LapTop,Automated process completed.,2026-03-11T07:25:10.399+0000
DEV-55,10155,Anandhappriya,Reviewed the API contract and updated serialization logic.,2026-03-11T07:25:16.112+0000
DEV-55,10156,Anandhappriya,Latest commit improves error handling and prevents the crash scenario.,2026-03-11T07:25:20.807+0000
DEV-54,10157,HAcker,Update received.,2026-03-11T07:25:23.641+0000
DEV-54,10158,Hirthik Balaji C,Refactored the service handler to reduce latency by ~18%. Please verify.,2026-03-11T07:25:27.393+0000
DEV-54,10159,Anandhappriya,Memory spike was caused by improper object reuse. Fixed in new commit.,2026-03-11T07:25:31.140+0000
DEV-53,10160,Anandhappriya,Root cause identified in the request validation layer. I'll push a fix shortly.,2026-03-11T07:25:34.156+0000
DEV-53,10161,Hirthik Balaji C,Latest commit improves error handling and prevents the crash scenario.,2026-03-11T07:25:37.812+0000
DEV-53,10162,Anandhappriya,Edge case handled now. Needs one more test before closing.,2026-03-11T07:25:41.474+0000
DEV-52,10163,Anandhappriya,Memory spike was caused by improper object reuse. Fixed in new commit.,2026-03-11T07:25:46.142+0000
DEV-52,10164,Anandhappriya,Edge case handled now. Needs one more test before closing.,2026-03-11T07:25:51.810+0000
DEV-52,10165,Hirthik Balaji C,Edge case handled now. Needs one more test before closing.,2026-03-11T07:25:54.410+0000
DEV-51,10166,Anandhappriya,Added structured logging so we can trace failures in production.,2026-03-11T07:25:58.134+0000
DEV-51,10167,Anandhappriya,Memory spike was caused by improper object reuse. Fixed in new commit.,2026-03-11T07:26:10.027+0000
DEV-51,10168,HAcker,Noted.,2026-03-11T07:26:15.716+0000
DEV-51,10169,LapTop,Working on it.,2026-03-11T07:26:19.451+0000
DEV-50,10170,Hirthik Balaji C,Root cause identified in the request validation layer. I'll push a fix shortly.,2026-03-11T07:26:24.422+0000
DEV-50,10171,Hirthik Balaji C,I traced the bug to an incorrect null check in the controller logic.,2026-03-11T07:26:28.346+0000
DEV-50,10172,Hirthik Balaji C,Edge case handled now. Needs one more test before closing.,2026-03-11T07:26:34.088+0000
DEV-50,10173,HAcker,System running.,2026-03-11T07:26:36.773+0000
DEV-50,10174,HAcker,Checking this.,2026-03-11T07:26:39.549+0000
DEV-50,10175,Anandhappriya,Root cause identified in the request validation layer. I'll push a fix shortly.,2026-03-11T07:26:43.201+0000
DEV-49,10176,Anandhappriya,The issue appears only when concurrent requests exceed the rate limit.,2026-03-11T07:26:46.869+0000
DEV-49,10177,Anandhappriya,The issue appears only when concurrent requests exceed the rate limit.,2026-03-11T07:26:49.599+0000
DEV-49,10178,Anandhappriya,Latest commit improves error handling and prevents the crash scenario.,2026-03-11T07:26:54.264+0000
DEV-8,10037,Hirthik Balaji C,"Hi @Anandhappriya, could you please provide a quick status update on this task? Let us know if you need any support.",2026-03-11T06:03:37.235+0000
DEV-8,10038,LapTop,"Hi @Hirthik Balaji C, thanks for checking in! Could you clarify if there are specific scenarios or data points you want prioritized in the RealData simulation?",2026-03-11T06:04:24.676+0000
DEV-8,10039,Anandhappriya,@Hirthik Balaji C I have generated real Data at github and simulated fake workflows with bots on this repository :  https://github.com/HirthikBalaji/repo,2026-03-11T06:05:44.142+0000
DEV-8,10040,Hirthik Balaji C,@Anandhappriya Very good ! kudos to your Work!!,2026-03-11T06:06:22.098+0000
DEV-8,10041,Hirthik Balaji C,@LapTop Nice already @Anandhappriya has done this work very well!!please focus on #DEV-6 issue,2026-03-11T06:13:30.989+0000
DEV-7,10036,Hirthik Balaji C,Could you please provide a detailed description for this task and update the work item? This will help everyone understand the requirements and expectations.,2026-03-11T06:02:31.077+0000
